Model,Linear Model 1.10,Signal,step
t,u(t),y(t)
0,5,5
1,5,9
2,5,14.7
3,5,19.26
4,5,22.908
5,5,25.8264
6,5,28.1611
7,5,30.0289
8,5,31.5231
9,5,32.7185
10,5,33.6748
11,5,34.4398
12,5,35.0519
13,5,35.5415
14,5,35.9332
15,5,36.2466
16,5,36.4972
17,5,36.6978
18,5,36.8582
19,5,36.9866
20,5,37.0893

Model,Linear Model 1.10,Signal,impulse
t,u(t),y(t)
0,5,5
1,0,4
2,0,5.7
3,0,4.56
4,0,3.648
5,0,2.9184
6,0,2.33472
7,0,1.86778
8,0,1.49422
9,0,1.19538
10,0,0.956301
11,0,0.765041
12,0,0.612033
13,0,0.489626
14,0,0.391701
15,0,0.313361
16,0,0.250689
17,0,0.200551
18,0,0.160441
19,0,0.128353
20,0,0.102682

Model,Linear Model 1.10,Signal,harmonic
t,u(t),y(t)
0,0,0
1,4.20735,4.20735
2,4.54649,7.91237
3,0.7056,9.13917
4,-3.78401,5.80057
5,-4.79462,0.198635
6,-1.39708,-3.13018
7,3.28493,-1.61652
8,4.94679,2.95504
9,2.06059,6.06709
10,-2.72011,4.60696
11,-4.99995,-0.284086
12,-2.68286,-4.27019
13,2.10084,-3.81529
14,4.95304,0.559373
15,3.25144,4.74936
16,-1.43952,4.83649
17,-4.80699,0.687921
18,-3.75494,-3.92436
19,0.749386,-4.79359
20,4.56473,-1.14762

Model,Nonlinear Model 2.5,Signal,step
t,u(t),y(t)
0,5,0.496631
1,5,0.844273
2,5,1.08762
3,5,1.25797
4,5,1.37721
5,5,1.46068
6,5,1.5191
7,5,1.56
8,5,1.58863
9,5,1.60867
10,5,1.6227
11,5,1.63252
12,5,1.6394
13,5,1.64421
14,5,1.64758
15,5,1.64994
16,5,1.65159
17,5,1.65274
18,5,1.65355
19,5,1.65412
20,5,1.65451

Model,Nonlinear Model 2.5,Signal,impulse
t,u(t),y(t)
0,5,0.496631
1,0,0.347642
2,0,0.243349
3,0,0.170344
4,0,0.119241
5,0,0.0834688
6,0,0.0584281
7,0,0.0408997
8,0,0.0286298
9,0,0.0200409
10,0,0.0140286
11,0,0.00982002
12,0,0.00687401
13,0,0.00481181
14,0,0.00336827
15,0,0.00235779
16,0,0.00165045
17,0,0.00115532
18,0,0.000808721
19,0,0.000566105
20,0,0.000396273

Model,Nonlinear Model 2.5,Signal,harmonic
t,u(t),y(t)
0,0,0
1,4.20735,0.492557
2,4.54649,0.839488
3,0.7056,0.840735
4,-3.78401,0.0998804
5,-4.79462,-0.425947
6,-1.39708,-0.674503
7,3.28493,0.00912614
8,4.94679,0.502835
9,2.06059,0.788295
10,-2.72011,0.0847407
11,-4.99995,-0.437312
12,-2.68286,-0.771935
13,2.10084,-0.101532
14,4.95304,0.425397
15,3.25144,0.778419
16,-1.43952,0.163414
17,-4.80699,-0.381524
18,-3.75494,-0.755366
19,0.749386,-0.265084
20,4.56473,0.309235

Model,Diff 3.10,Signal,step
t,u(t),y(t)
0,5,0.52
1,5,1.014
2,5,1.4833
3,5,1.92914
4,5,2.35268
5,5,2.75504
6,5,3.13729
7,5,3.50043
8,5,3.84541
9,5,4.17314
10,5,4.48448
11,5,4.78026
12,5,5.06124
13,5,5.32818
14,5,5.58177
15,5,5.82268
16,5,6.05155
17,5,6.26897
18,5,6.47552
19,5,6.67175
20,5,6.85816

Model,Diff 3.10,Signal,impulse
t,u(t),y(t)
0,5,0.52
1,0,0.514
2,0,0.5083
3,0,0.502885
4,0,0.497741
5,0,0.492854
6,0,0.488211
7,0,0.4838
8,0,0.47961
9,0,0.47563
10,0,0.471848
11,0,0.468256
12,0,0.464843
13,0,0.461601
14,0,0.458521
15,0,0.455595
16,0,0.452815
17,0,0.450174
18,0,0.447666
19,0,0.445282
20,0,0.443018

Model,Diff 3.10,Signal,harmonic
t,u(t),y(t)
0,0,0.02
1,4.20735,0.459735
2,4.54649,0.911397
3,0.7056,0.956388
4,-3.78401,0.550167
5,-4.79462,0.0631965
6,-1.39708,-0.0596711
7,3.28493,0.291806
8,4.94679,0.791895
9,2.06059,0.978359
10,-2.72011,0.677431
11,-4.99995,0.163564
12,-2.68286,-0.0929007
13,2.10084,0.141828
14,4.95304,0.65004
15,3.25144,0.962682
16,-1.43952,0.790596
17,-4.80699,0.290368
18,-3.75494,-0.0796443
19,0.749386,0.0192765
20,4.56473,0.494785

